{
  "id": "titan",
  "title": "Titan VTTRPG",
  "description": "A success based roll system designed for virtual tabletop.",
  "authors": [
    {
      "name": "Solidor - Solidor#1916",
      "flags": {}
    }
  ],
  "url": "https://github.com/JustinCamden/Titan-VTTRPG",
  "readme": "https://raw.githubusercontent.com/JustinCamden/Titan-VTTRPG/main/README.md",
  "bugs": "https://github.com/JustinCamden/Titan-VTTRPG/issues",
  "changelog": "https://raw.githubusercontent.com/JustinCamden/Titan-VTTRPG/main/CHANGELOG.md",
  "version": "1.0.0",
  "compatibility": {
    "minimum": "10.288",
    "verified": "10.288",
    "maximum": "10"
  },
  "esmodules": [
    "index.js"
  ],
  "styles": [
    "style.css"
  ],
  "languages": [
    {
      "lang": "en",
      "name": "English",
      "path": "lang/en.json"
    }
  ],
  "system": [],
  "socket": false,
  "manifest": "https://raw.githubusercontent.com/JustinCamden/Titan-VTTRPG/main/system.json",
  "download": "https://github.com/JustinCamden/Titan-VTTRPG/raw/main/titan.zip",
  "protected": false,
  "coreTranslation": false,
  "library": false,
  "gridDistance": 1,
  "gridUnits": "m",
  "license": "LICENSE.txt"
}